frequency,percentage,zap_binding_motif_position,gap,Number of sequences where ZAP-binding motif is lost,zap_binding_motif,terminal_cpg_position,cpgs_in_the_zap_binding_motif,motif
2163,82.6518914787925,386,4,453,C(AACC)G(T)CG,393,2,C($n_{4}$)G($n$)CG
2415,92.281238058846,397,4,201,C(ACAG)G(A)CG,404,1,C($n_{4}$)G($n$)CG
2356,90.0267481849446,674,4,260,C(CCCC)G(G)CG,681,2,C($n_{4}$)G($n$)CG
2116,80.85594191822697,754,4,500,C(GCTC)G(T)CG,761,3,C($n_{4}$)G($n$)CG
2130,81.39090561711883,796,4,486,C(GCAT)G(G)CG,803,2,C($n_{4}$)G($n$)CG
2105,80.4356132976691,7915,4,511,C(AAAA)G(A)CG,7922,1,C($n_{4}$)G($n$)CG
2257,86.24379059992357,8432,4,359,C(AGGT)G(C)CG,8439,1,C($n_{4}$)G($n$)CG
2386,91.1730989682843,385,5,230,C(CAACC)G(T)CG,393,2,C($n_{5}$)G($n$)CG
2414,92.24302636606802,396,5,202,C(CACAG)G(A)CG,404,1,C($n_{5}$)G($n$)CG
2447,93.50401222774168,446,5,169,C(TTGTT)G(C)CG,454,1,C($n_{5}$)G($n$)CG
2116,80.85594191822697,753,5,500,C(CGCTC)G(T)CG,761,3,C($n_{5}$)G($n$)CG
2199,84.02751241880016,756,5,417,C(TCGTC)G(G)CG,764,3,C($n_{5}$)G($n$)CG
2383,91.05846388995032,813,5,233,C(TGGAA)G(A)CG,821,1,C($n_{5}$)G($n$)CG
2107,80.51203668322506,2517,5,509,C(TTGCA)G(A)CG,2525,1,C($n_{5}$)G($n$)CG
2348,89.72105464272067,3763,5,268,C(CGTGC)G(C)CG,3771,3,C($n_{5}$)G($n$)CG
1978,75.58272831486435,4239,5,638,C(TTGCC)G(A)CG,4247,2,C($n_{5}$)G($n$)CG
2081,79.51853267099733,6015,5,535,C(TTGTA)G(T)CG,6023,1,C($n_{5}$)G($n$)CG
2403,91.82269774551013,395,6,213,C(CCACAG)G(A)CG,404,1,C($n_{6}$)G($n$)CG
2505,95.72029040886513,516,6,111,C(GAGGTA)G(A)CG,525,2,C($n_{6}$)G($n$)CG
2326,88.8803974016049,725,6,290,C(GGCTTC)G(C)CG,734,3,C($n_{6}$)G($n$)CG
2348,89.72105464272067,3762,6,268,C(CCGTGC)G(C)CG,3771,3,C($n_{6}$)G($n$)CG
2432,92.93083683607183,8430,6,184,C(GCAGGT)G(C)CG,8439,2,C($n_{6}$)G($n$)CG
2373,90.67634696217044,383,7,243,C(ACCAACC)G(T)CG,393,2,C($n_{7}$)G($n$)CG
2512,95.98777225831104,754,7,104,C(GCTCGTC)G(G)CG,764,4,C($n_{7}$)G($n$)CG
2472,94.45930454719144,769,7,144,C(TCTTGGA)G(G)CG,779,1,C($n_{7}$)G($n$)CG
2131,81.42911730989682,6013,7,485,C(CCTTGTA)G(T)CG,6023,1,C($n_{7}$)G($n$)CG
2059,78.67787542988154,7615,7,557,C(CTGGACA)G(G)CG,7625,1,C($n_{7}$)G($n$)CG
2122,81.08521207489491,8122,7,494,C(CCTGTAC)G(A)CG,8132,2,C($n_{7}$)G($n$)CG
2414,92.24302636606802,393,8,202,C(GCCCACAG)G(A)CG,404,2,C($n_{8}$)G($n$)CG
2590,98.96828429499426,514,8,26,C(TCGAGGTA)G(A)CG,525,2,C($n_{8}$)G($n$)CG
2110,80.62667176155904,538,8,506,C(CAAGGCAC)G(T)CG,549,2,C($n_{8}$)G($n$)CG
2512,95.98777225831104,753,8,104,C(CGCTCGTC)G(G)CG,764,4,C($n_{8}$)G($n$)CG
2472,94.45930454719144,768,8,144,C(CTCTTGGA)G(G)CG,779,1,C($n_{8}$)G($n$)CG
2007,76.69086740542606,792,8,609,C(TGGCGCAT)G(G)CG,803,2,C($n_{8}$)G($n$)CG
2086,79.70959113488728,2514,8,530,C(TGCTTGCA)G(A)CG,2525,1,C($n_{8}$)G($n$)CG
2508,95.83492548719909,6040,8,108,C(AATACTGC)G(C)CG,6051,2,C($n_{8}$)G($n$)CG
